Ámbito,Área,Elemento,Producto,Año,Unidad,Valor
"Cultivos","Paraguay","Área cosechada","Aceite, nuez de palma","2008","ha","15000"
"Cultivos","Paraguay","Área cosechada","Aceite, nuez de palma","2009","ha","16000"
"Cultivos","Paraguay","Área cosechada","Aceite, nuez de palma","2010","ha","16000"
"Cultivos","Paraguay","Área cosechada","Aceite, nuez de palma","2011","ha","16000"
"Cultivos","Paraguay","Área cosechada","Aceite, nuez de palma","2012","ha","16000"
"Cultivos","Paraguay","Área cosechada","Aceite, nuez de palma","2013","ha","16000"
"Cultivos","Paraguay","Área cosechada","Aceite, nuez de palma","2014","ha","15969"
"Cultivos","Paraguay","Área cosechada","Aceite, nuez de palma","2015","ha","15847"
"Cultivos","Paraguay","Área cosechada","Aceite, nuez de palma","2016","ha","15927"
"Cultivos","Paraguay","Área cosechada","Aceite, nuez de palma","2017","ha","15984"
"Cultivos","Paraguay","Área cosechada","Aceite, nuez de palma","2018","ha","16073"
"Cultivos","Paraguay","Área cosechada","Aguacates","2008","ha","2341"
"Cultivos","Paraguay","Área cosechada","Aguacates","2009","ha","2400"
"Cultivos","Paraguay","Área cosechada","Aguacates","2010","ha","2450"
"Cultivos","Paraguay","Área cosechada","Aguacates","2011","ha","2512"
"Cultivos","Paraguay","Área cosechada","Aguacates","2012","ha","2500"
"Cultivos","Paraguay","Área cosechada","Aguacates","2013","ha","2646"
"Cultivos","Paraguay","Área cosechada","Aguacates","2014","ha","2725"
"Cultivos","Paraguay","Área cosechada","Aguacates","2015","ha","2616"
"Cultivos","Paraguay","Área cosechada","Aguacates","2016","ha","2606"
"Cultivos","Paraguay","Área cosechada","Aguacates","2017","ha","2606"
"Cultivos","Paraguay","Área cosechada","Aguacates","2018","ha","2613"
"Cultivos","Paraguay","Área cosechada","Ajo","2008","ha","151"
"Cultivos","Paraguay","Área cosechada","Ajo","2009","ha","155"
"Cultivos","Paraguay","Área cosechada","Ajo","2010","ha","154"
"Cultivos","Paraguay","Área cosechada","Ajo","2011","ha","158"
"Cultivos","Paraguay","Área cosechada","Ajo","2012","ha","162"
"Cultivos","Paraguay","Área cosechada","Ajo","2013","ha","162"
"Cultivos","Paraguay","Área cosechada","Ajo","2014","ha","163"
"Cultivos","Paraguay","Área cosechada","Ajo","2015","ha","165"
"Cultivos","Paraguay","Área cosechada","Ajo","2016","ha","167"
"Cultivos","Paraguay","Área cosechada","Ajo","2017","ha","165"
"Cultivos","Paraguay","Área cosechada","Ajo","2018","ha","165"
"Cultivos","Paraguay","Área cosechada","Algodón con semilla","2008","ha","66256"
"Cultivos","Paraguay","Área cosechada","Algodón con semilla","2009","ha","30000"
"Cultivos","Paraguay","Área cosechada","Algodón con semilla","2010","ha","13727"
"Cultivos","Paraguay","Área cosechada","Algodón con semilla","2011","ha","24845"
"Cultivos","Paraguay","Área cosechada","Algodón con semilla","2012","ha","50000"
"Cultivos","Paraguay","Área cosechada","Algodón con semilla","2013","ha","45000"
"Cultivos","Paraguay","Área cosechada","Algodón con semilla","2014","ha","14000"
"Cultivos","Paraguay","Área cosechada","Algodón con semilla","2015","ha","12600"
"Cultivos","Paraguay","Área cosechada","Algodón con semilla","2016","ha","12000"
"Cultivos","Paraguay","Área cosechada","Algodón con semilla","2017","ha","10000"
"Cultivos","Paraguay","Área cosechada","Algodón con semilla","2018","ha","9493"
"Cultivos","Paraguay","Área cosechada","Arroz, cascara","2008","ha","33870"
"Cultivos","Paraguay","Área cosechada","Arroz, cascara","2009","ha","50000"
"Cultivos","Paraguay","Área cosechada","Arroz, cascara","2010","ha","59476"
"Cultivos","Paraguay","Área cosechada","Arroz, cascara","2011","ha","78606"
"Cultivos","Paraguay","Área cosechada","Arroz, cascara","2012","ha","80000"
"Cultivos","Paraguay","Área cosechada","Arroz, cascara","2013","ha","98000"
"Cultivos","Paraguay","Área cosechada","Arroz, cascara","2014","ha","120000"
"Cultivos","Paraguay","Área cosechada","Arroz, cascara","2015","ha","128000"
"Cultivos","Paraguay","Área cosechada","Arroz, cascara","2016","ha","130000"
"Cultivos","Paraguay","Área cosechada","Arroz, cascara","2017","ha","140000"
"Cultivos","Paraguay","Área cosechada","Arroz, cascara","2018","ha","142000"
"Cultivos","Paraguay","Área cosechada","Azucar, caña","2008","ha","81830"
"Cultivos","Paraguay","Área cosechada","Azucar, caña","2009","ha","100000"
"Cultivos","Paraguay","Área cosechada","Azucar, caña","2010","ha","100000"
"Cultivos","Paraguay","Área cosechada","Azucar, caña","2011","ha","104055"
"Cultivos","Paraguay","Área cosechada","Azucar, caña","2012","ha","115000"
"Cultivos","Paraguay","Área cosechada","Azucar, caña","2013","ha","116000"
"Cultivos","Paraguay","Área cosechada","Azucar, caña","2014","ha","118000"
"Cultivos","Paraguay","Área cosechada","Azucar, caña","2015","ha","120000"
"Cultivos","Paraguay","Área cosechada","Azucar, caña","2016","ha","120000"
"Cultivos","Paraguay","Área cosechada","Azucar, caña","2017","ha","118000"
"Cultivos","Paraguay","Área cosechada","Azucar, caña","2018","ha","110000"
"Cultivos","Paraguay","Área cosechada","Bananos","2008","ha","7434"
"Cultivos","Paraguay","Área cosechada","Bananos","2009","ha","7500"
"Cultivos","Paraguay","Área cosechada","Bananos","2010","ha","10607"
"Cultivos","Paraguay","Área cosechada","Bananos","2011","ha","7651"
"Cultivos","Paraguay","Área cosechada","Bananos","2012","ha","7727"
"Cultivos","Paraguay","Área cosechada","Bananos","2013","ha","7800"
"Cultivos","Paraguay","Área cosechada","Bananos","2014","ha","7800"
"Cultivos","Paraguay","Área cosechada","Bananos","2015","ha","7810"
"Cultivos","Paraguay","Área cosechada","Bananos","2016","ha","7812"
"Cultivos","Paraguay","Área cosechada","Bananos","2017","ha","7855"
"Cultivos","Paraguay","Área cosechada","Bananos","2018","ha","8172"
"Cultivos","Paraguay","Área cosechada","Batatas, boniatos","2008","ha","4973"
"Cultivos","Paraguay","Área cosechada","Batatas, boniatos","2009","ha","5120"
"Cultivos","Paraguay","Área cosechada","Batatas, boniatos","2010","ha","4952"
"Cultivos","Paraguay","Área cosechada","Batatas, boniatos","2011","ha","5223"
"Cultivos","Paraguay","Área cosechada","Batatas, boniatos","2012","ha","5275"
"Cultivos","Paraguay","Área cosechada","Batatas, boniatos","2013","ha","5223"
"Cultivos","Paraguay","Área cosechada","Batatas, boniatos","2014","ha","5200"
"Cultivos","Paraguay","Área cosechada","Batatas, boniatos","2015","ha","4858"
"Cultivos","Paraguay","Área cosechada","Batatas, boniatos","2016","ha","5000"
"Cultivos","Paraguay","Área cosechada","Batatas, boniatos","2017","ha","5000"
"Cultivos","Paraguay","Área cosechada","Batatas, boniatos","2018","ha","5078"
"Cultivos","Paraguay","Área cosechada","Café, verde","2008","ha","291"
"Cultivos","Paraguay","Área cosechada","Café, verde","2009","ha","300"
"Cultivos","Paraguay","Área cosechada","Café, verde","2010","ha","290"
"Cultivos","Paraguay","Área cosechada","Café, verde","2011","ha","290"
"Cultivos","Paraguay","Área cosechada","Café, verde","2012","ha","294"
"Cultivos","Paraguay","Área cosechada","Café, verde","2013","ha","294"
"Cultivos","Paraguay","Área cosechada","Café, verde","2014","ha","294"
"Cultivos","Paraguay","Área cosechada","Café, verde","2015","ha","300"
"Cultivos","Paraguay","Área cosechada","Café, verde","2016","ha","300"
"Cultivos","Paraguay","Área cosechada","Café, verde","2017","ha","320"
"Cultivos","Paraguay","Área cosechada","Café, verde","2018","ha","320"
"Cultivos","Paraguay","Área cosechada","Calabazas, zapayo, calabaza confitera","2008","ha","1800"
"Cultivos","Paraguay","Área cosechada","Calabazas, zapayo, calabaza confitera","2009","ha","2000"
"Cultivos","Paraguay","Área cosechada","Calabazas, zapayo, calabaza confitera","2010","ha","2100"
"Cultivos","Paraguay","Área cosechada","Calabazas, zapayo, calabaza confitera","2011","ha","1968"
"Cultivos","Paraguay","Área cosechada","Calabazas, zapayo, calabaza confitera","2012","ha","1800"
"Cultivos","Paraguay","Área cosechada","Calabazas, zapayo, calabaza confitera","2013","ha","1988"
"Cultivos","Paraguay","Área cosechada","Calabazas, zapayo, calabaza confitera","2014","ha","2043"
"Cultivos","Paraguay","Área cosechada","Calabazas, zapayo, calabaza confitera","2015","ha","2017"
"Cultivos","Paraguay","Área cosechada","Calabazas, zapayo, calabaza confitera","2016","ha","2024"
"Cultivos","Paraguay","Área cosechada","Calabazas, zapayo, calabaza confitera","2017","ha","2042"
"Cultivos","Paraguay","Área cosechada","Calabazas, zapayo, calabaza confitera","2018","ha","2061"
"Cultivos","Paraguay","Área cosechada","Cebollas, chalotes, verdes","2008","ha","731"
"Cultivos","Paraguay","Área cosechada","Cebollas, chalotes, verdes","2009","ha","780"
"Cultivos","Paraguay","Área cosechada","Cebollas, chalotes, verdes","2010","ha","754"
"Cultivos","Paraguay","Área cosechada","Cebollas, chalotes, verdes","2011","ha","796"
"Cultivos","Paraguay","Área cosechada","Cebollas, chalotes, verdes","2012","ha","804"
"Cultivos","Paraguay","Área cosechada","Cebollas, chalotes, verdes","2013","ha","796"
"Cultivos","Paraguay","Área cosechada","Cebollas, chalotes, verdes","2014","ha","800"
"Cultivos","Paraguay","Área cosechada","Cebollas, chalotes, verdes","2015","ha","818"
"Cultivos","Paraguay","Área cosechada","Cebollas, chalotes, verdes","2016","ha","895"
"Cultivos","Paraguay","Área cosechada","Cebollas, chalotes, verdes","2017","ha","993"
"Cultivos","Paraguay","Área cosechada","Cebollas, chalotes, verdes","2018","ha","995"
"Cultivos","Paraguay","Área cosechada","Cebollas, secas","2008","ha","5000"
"Cultivos","Paraguay","Área cosechada","Cebollas, secas","2009","ha","5500"
"Cultivos","Paraguay","Área cosechada","Cebollas, secas","2010","ha","5700"
"Cultivos","Paraguay","Área cosechada","Cebollas, secas","2011","ha","5317"
"Cultivos","Paraguay","Área cosechada","Cebollas, secas","2012","ha","5000"
"Cultivos","Paraguay","Área cosechada","Cebollas, secas","2013","ha","5222"
"Cultivos","Paraguay","Área cosechada","Cebollas, secas","2014","ha","5358"
"Cultivos","Paraguay","Área cosechada","Cebollas, secas","2015","ha","5362"
"Cultivos","Paraguay","Área cosechada","Cebollas, secas","2016","ha","5388"
"Cultivos","Paraguay","Área cosechada","Cebollas, secas","2017","ha","5421"
"Cultivos","Paraguay","Área cosechada","Cebollas, secas","2018","ha","5455"
"Cultivos","Paraguay","Área cosechada","Chiles, pimientos picantes, pimientos (verdes)","2008","ha","474"
"Cultivos","Paraguay","Área cosechada","Chiles, pimientos picantes, pimientos (verdes)","2009","ha","600"
"Cultivos","Paraguay","Área cosechada","Chiles, pimientos picantes, pimientos (verdes)","2010","ha","869"
"Cultivos","Paraguay","Área cosechada","Chiles, pimientos picantes, pimientos (verdes)","2011","ha","612"
"Cultivos","Paraguay","Área cosechada","Chiles, pimientos picantes, pimientos (verdes)","2012","ha","618"
"Cultivos","Paraguay","Área cosechada","Chiles, pimientos picantes, pimientos (verdes)","2013","ha","612"
"Cultivos","Paraguay","Área cosechada","Chiles, pimientos picantes, pimientos (verdes)","2014","ha","652"
"Cultivos","Paraguay","Área cosechada","Chiles, pimientos picantes, pimientos (verdes)","2015","ha","684"
"Cultivos","Paraguay","Área cosechada","Chiles, pimientos picantes, pimientos (verdes)","2016","ha","690"
"Cultivos","Paraguay","Área cosechada","Chiles, pimientos picantes, pimientos (verdes)","2017","ha","690"
"Cultivos","Paraguay","Área cosechada","Chiles, pimientos picantes, pimientos (verdes)","2018","ha","900"
"Cultivos","Paraguay","Área cosechada","Ciruelas y endrinas","2008","ha","180"
"Cultivos","Paraguay","Área cosechada","Ciruelas y endrinas","2009","ha","280"
"Cultivos","Paraguay","Área cosechada","Ciruelas y endrinas","2010","ha","310"
"Cultivos","Paraguay","Área cosechada","Ciruelas y endrinas","2011","ha","285"
"Cultivos","Paraguay","Área cosechada","Ciruelas y endrinas","2012","ha","300"
"Cultivos","Paraguay","Área cosechada","Ciruelas y endrinas","2013","ha","291"
"Cultivos","Paraguay","Área cosechada","Ciruelas y endrinas","2014","ha","292"
"Cultivos","Paraguay","Área cosechada","Ciruelas y endrinas","2015","ha","313"
"Cultivos","Paraguay","Área cosechada","Ciruelas y endrinas","2016","ha","330"
"Cultivos","Paraguay","Área cosechada","Ciruelas y endrinas","2017","ha","340"
"Cultivos","Paraguay","Área cosechada","Ciruelas y endrinas","2018","ha","350"
"Cultivos","Paraguay","Área cosechada","Colza","2008","ha","34503"
"Cultivos","Paraguay","Área cosechada","Colza","2009","ha","37056"
"Cultivos","Paraguay","Área cosechada","Colza","2010","ha","63000"
"Cultivos","Paraguay","Área cosechada","Colza","2011","ha","63250"
"Cultivos","Paraguay","Área cosechada","Colza","2012","ha","65000"
"Cultivos","Paraguay","Área cosechada","Colza","2013","ha","75000"
"Cultivos","Paraguay","Área cosechada","Colza","2014","ha","80000"
"Cultivos","Paraguay","Área cosechada","Colza","2015","ha","89000"
"Cultivos","Paraguay","Área cosechada","Colza","2016","ha","85000"
"Cultivos","Paraguay","Área cosechada","Colza","2017","ha","89000"
"Cultivos","Paraguay","Área cosechada","Colza","2018","ha","30000"
"Cultivos","Paraguay","Área cosechada","Fresas","2008","ha","191"
"Cultivos","Paraguay","Área cosechada","Fresas","2009","ha","210"
"Cultivos","Paraguay","Área cosechada","Fresas","2010","ha","206"
"Cultivos","Paraguay","Área cosechada","Fresas","2011","ha","214"
"Cultivos","Paraguay","Área cosechada","Fresas","2012","ha","216"
"Cultivos","Paraguay","Área cosechada","Fresas","2013","ha","297"
"Cultivos","Paraguay","Área cosechada","Fresas","2014","ha","300"
"Cultivos","Paraguay","Área cosechada","Fresas","2015","ha","348"
"Cultivos","Paraguay","Área cosechada","Fresas","2016","ha","350"
"Cultivos","Paraguay","Área cosechada","Fresas","2017","ha","350"
"Cultivos","Paraguay","Área cosechada","Fresas","2018","ha","389"
"Cultivos","Paraguay","Área cosechada","Frijoles, secos","2008","ha","55424"
"Cultivos","Paraguay","Área cosechada","Frijoles, secos","2009","ha","61400"
"Cultivos","Paraguay","Área cosechada","Frijoles, secos","2010","ha","56765"
"Cultivos","Paraguay","Área cosechada","Frijoles, secos","2011","ha","62359"
"Cultivos","Paraguay","Área cosechada","Frijoles, secos","2012","ha","62500"
"Cultivos","Paraguay","Área cosechada","Frijoles, secos","2013","ha","70000"
"Cultivos","Paraguay","Área cosechada","Frijoles, secos","2014","ha","70000"
"Cultivos","Paraguay","Área cosechada","Frijoles, secos","2015","ha","70088"
"Cultivos","Paraguay","Área cosechada","Frijoles, secos","2016","ha","71000"
"Cultivos","Paraguay","Área cosechada","Frijoles, secos","2017","ha","72000"
"Cultivos","Paraguay","Área cosechada","Frijoles, secos","2018","ha","73000"
"Cultivos","Paraguay","Área cosechada","Fruta, fresca nep","2008","ha","1552"
"Cultivos","Paraguay","Área cosechada","Fruta, fresca nep","2009","ha","1600"
"Cultivos","Paraguay","Área cosechada","Fruta, fresca nep","2010","ha","1596"
"Cultivos","Paraguay","Área cosechada","Fruta, fresca nep","2011","ha","1620"
"Cultivos","Paraguay","Área cosechada","Fruta, fresca nep","2012","ha","1650"
"Cultivos","Paraguay","Área cosechada","Fruta, fresca nep","2013","ha","1700"
"Cultivos","Paraguay","Área cosechada","Fruta, fresca nep","2014","ha","1707"
"Cultivos","Paraguay","Área cosechada","Fruta, fresca nep","2015","ha","1720"
"Cultivos","Paraguay","Área cosechada","Fruta, fresca nep","2016","ha","1716"
"Cultivos","Paraguay","Área cosechada","Fruta, fresca nep","2017","ha","1729"
"Cultivos","Paraguay","Área cosechada","Fruta, fresca nep","2018","ha","1742"
"Cultivos","Paraguay","Área cosechada","Fruta, tropical (fresca) nep","2008","ha","2494"
"Cultivos","Paraguay","Área cosechada","Fruta, tropical (fresca) nep","2009","ha","2500"
"Cultivos","Paraguay","Área cosechada","Fruta, tropical (fresca) nep","2010","ha","2515"
"Cultivos","Paraguay","Área cosechada","Fruta, tropical (fresca) nep","2011","ha","2528"
"Cultivos","Paraguay","Área cosechada","Fruta, tropical (fresca) nep","2012","ha","2550"
"Cultivos","Paraguay","Área cosechada","Fruta, tropical (fresca) nep","2013","ha","2553"
"Cultivos","Paraguay","Área cosechada","Fruta, tropical (fresca) nep","2014","ha","2563"
"Cultivos","Paraguay","Área cosechada","Fruta, tropical (fresca) nep","2015","ha","2580"
"Cultivos","Paraguay","Área cosechada","Fruta, tropical (fresca) nep","2016","ha","2582"
"Cultivos","Paraguay","Área cosechada","Fruta, tropical (fresca) nep","2017","ha","2591"
"Cultivos","Paraguay","Área cosechada","Fruta, tropical (fresca) nep","2018","ha","2601"
"Cultivos","Paraguay","Área cosechada","Guisantes, secos","2008","ha","4971"
"Cultivos","Paraguay","Área cosechada","Guisantes, secos","2009","ha","5500"
"Cultivos","Paraguay","Área cosechada","Guisantes, secos","2010","ha","5337"
"Cultivos","Paraguay","Área cosechada","Guisantes, secos","2011","ha","5658"
"Cultivos","Paraguay","Área cosechada","Guisantes, secos","2012","ha","5586"
"Cultivos","Paraguay","Área cosechada","Guisantes, secos","2013","ha","5745"
"Cultivos","Paraguay","Área cosechada","Guisantes, secos","2014","ha","5986"
"Cultivos","Paraguay","Área cosechada","Guisantes, secos","2015","ha","6363"
"Cultivos","Paraguay","Área cosechada","Guisantes, secos","2016","ha","6301"
"Cultivos","Paraguay","Área cosechada","Guisantes, secos","2017","ha","6457"
"Cultivos","Paraguay","Área cosechada","Guisantes, secos","2018","ha","6614"
"Cultivos","Paraguay","Área cosechada","Haba comun y haba caballar secas","2008","ha","14000"
"Cultivos","Paraguay","Área cosechada","Haba comun y haba caballar secas","2009","ha","14500"
"Cultivos","Paraguay","Área cosechada","Haba comun y haba caballar secas","2010","ha","15706"
"Cultivos","Paraguay","Área cosechada","Haba comun y haba caballar secas","2011","ha","18071"
"Cultivos","Paraguay","Área cosechada","Haba comun y haba caballar secas","2012","ha","19701"
"Cultivos","Paraguay","Área cosechada","Haba comun y haba caballar secas","2013","ha","21281"
"Cultivos","Paraguay","Área cosechada","Haba comun y haba caballar secas","2014","ha","21647"
"Cultivos","Paraguay","Área cosechada","Haba comun y haba caballar secas","2015","ha","21569"
"Cultivos","Paraguay","Área cosechada","Haba comun y haba caballar secas","2016","ha","21870"
"Cultivos","Paraguay","Área cosechada","Haba comun y haba caballar secas","2017","ha","22638"
"Cultivos","Paraguay","Área cosechada","Haba comun y haba caballar secas","2018","ha","23444"
"Cultivos","Paraguay","Área cosechada","Hortalizas, frescas nep","2008","ha","2956"
"Cultivos","Paraguay","Área cosechada","Hortalizas, frescas nep","2009","ha","3000"
"Cultivos","Paraguay","Área cosechada","Hortalizas, frescas nep","2010","ha","3037"
"Cultivos","Paraguay","Área cosechada","Hortalizas, frescas nep","2011","ha","3075"
"Cultivos","Paraguay","Área cosechada","Hortalizas, frescas nep","2012","ha","3100"
"Cultivos","Paraguay","Área cosechada","Hortalizas, frescas nep","2013","ha","3149"
"Cultivos","Paraguay","Área cosechada","Hortalizas, frescas nep","2014","ha","3177"
"Cultivos","Paraguay","Área cosechada","Hortalizas, frescas nep","2015","ha","3190"
"Cultivos","Paraguay","Área cosechada","Hortalizas, frescas nep","2016","ha","3206"
"Cultivos","Paraguay","Área cosechada","Hortalizas, frescas nep","2017","ha","3226"
"Cultivos","Paraguay","Área cosechada","Hortalizas, frescas nep","2018","ha","3246"
"Cultivos","Paraguay","Área cosechada","Limones y limas","2008","ha","423"
"Cultivos","Paraguay","Área cosechada","Limones y limas","2009","ha","450"
"Cultivos","Paraguay","Área cosechada","Limones y limas","2010","ha","442"
"Cultivos","Paraguay","Área cosechada","Limones y limas","2011","ha","442"
"Cultivos","Paraguay","Área cosechada","Limones y limas","2012","ha","442"
"Cultivos","Paraguay","Área cosechada","Limones y limas","2013","ha","450"
"Cultivos","Paraguay","Área cosechada","Limones y limas","2014","ha","450"
"Cultivos","Paraguay","Área cosechada","Limones y limas","2015","ha","463"
"Cultivos","Paraguay","Área cosechada","Limones y limas","2016","ha","465"
"Cultivos","Paraguay","Área cosechada","Limones y limas","2017","ha","470"
"Cultivos","Paraguay","Área cosechada","Limones y limas","2018","ha","470"
"Cultivos","Paraguay","Área cosechada","Maiz","2008","ha","858101"
"Cultivos","Paraguay","Área cosechada","Maiz","2009","ha","774100"
"Cultivos","Paraguay","Área cosechada","Maiz","2010","ha","794034"
"Cultivos","Paraguay","Área cosechada","Maiz","2011","ha","853592"
"Cultivos","Paraguay","Área cosechada","Maiz","2012","ha","995000"
"Cultivos","Paraguay","Área cosechada","Maiz","2013","ha","1030003"
"Cultivos","Paraguay","Área cosechada","Maiz","2014","ha","800000"
"Cultivos","Paraguay","Área cosechada","Maiz","2015","ha","950000"
"Cultivos","Paraguay","Área cosechada","Maiz","2016","ha","960000"
"Cultivos","Paraguay","Área cosechada","Maiz","2017","ha","940000"
"Cultivos","Paraguay","Área cosechada","Maiz","2018","ha","1070000"
"Cultivos","Paraguay","Área cosechada","Mangos, mangostanes y guayabas","2008","ha","3919"
"Cultivos","Paraguay","Área cosechada","Mangos, mangostanes y guayabas","2009","ha","4000"
"Cultivos","Paraguay","Área cosechada","Mangos, mangostanes y guayabas","2010","ha","4042"
"Cultivos","Paraguay","Área cosechada","Mangos, mangostanes y guayabas","2011","ha","4129"
"Cultivos","Paraguay","Área cosechada","Mangos, mangostanes y guayabas","2012","ha","4100"
"Cultivos","Paraguay","Área cosechada","Mangos, mangostanes y guayabas","2013","ha","4347"
"Cultivos","Paraguay","Área cosechada","Mangos, mangostanes y guayabas","2014","ha","4474"
"Cultivos","Paraguay","Área cosechada","Mangos, mangostanes y guayabas","2015","ha","4188"
"Cultivos","Paraguay","Área cosechada","Mangos, mangostanes y guayabas","2016","ha","4235"
"Cultivos","Paraguay","Área cosechada","Mangos, mangostanes y guayabas","2017","ha","4258"
"Cultivos","Paraguay","Área cosechada","Mangos, mangostanes y guayabas","2018","ha","4281"
"Cultivos","Paraguay","Área cosechada","Manís (cacahuete) con cáscara","2008","ha","24113"
"Cultivos","Paraguay","Área cosechada","Manís (cacahuete) con cáscara","2009","ha","25100"
"Cultivos","Paraguay","Área cosechada","Manís (cacahuete) con cáscara","2010","ha","24698"
"Cultivos","Paraguay","Área cosechada","Manís (cacahuete) con cáscara","2011","ha","25819"
"Cultivos","Paraguay","Área cosechada","Manís (cacahuete) con cáscara","2012","ha","25000"
"Cultivos","Paraguay","Área cosechada","Manís (cacahuete) con cáscara","2013","ha","25000"
"Cultivos","Paraguay","Área cosechada","Manís (cacahuete) con cáscara","2014","ha","25000"
"Cultivos","Paraguay","Área cosechada","Manís (cacahuete) con cáscara","2015","ha","25670"
"Cultivos","Paraguay","Área cosechada","Manís (cacahuete) con cáscara","2016","ha","26000"
"Cultivos","Paraguay","Área cosechada","Manís (cacahuete) con cáscara","2017","ha","26000"
"Cultivos","Paraguay","Área cosechada","Manís (cacahuete) con cáscara","2018","ha","26350"
"Cultivos","Paraguay","Área cosechada","Manzanas","2008","ha","84"
"Cultivos","Paraguay","Área cosechada","Manzanas","2009","ha","85"
"Cultivos","Paraguay","Área cosechada","Manzanas","2010","ha","86"
"Cultivos","Paraguay","Área cosechada","Manzanas","2011","ha","88"
"Cultivos","Paraguay","Área cosechada","Manzanas","2012","ha","90"
"Cultivos","Paraguay","Área cosechada","Manzanas","2013","ha","89"
"Cultivos","Paraguay","Área cosechada","Manzanas","2014","ha","89"
"Cultivos","Paraguay","Área cosechada","Manzanas","2015","ha","80"
"Cultivos","Paraguay","Área cosechada","Manzanas","2016","ha","74"
"Cultivos","Paraguay","Área cosechada","Manzanas","2017","ha","68"
"Cultivos","Paraguay","Área cosechada","Manzanas","2018","ha","64"
"Cultivos","Paraguay","Área cosechada","Mate","2008","ha","18305"
"Cultivos","Paraguay","Área cosechada","Mate","2009","ha","18320"
"Cultivos","Paraguay","Área cosechada","Mate","2010","ha","18299"
"Cultivos","Paraguay","Área cosechada","Mate","2011","ha","18299"
"Cultivos","Paraguay","Área cosechada","Mate","2012","ha","20000"
"Cultivos","Paraguay","Área cosechada","Mate","2013","ha","20000"
"Cultivos","Paraguay","Área cosechada","Mate","2014","ha","20000"
"Cultivos","Paraguay","Área cosechada","Mate","2015","ha","20000"
"Cultivos","Paraguay","Área cosechada","Mate","2016","ha","20600"
"Cultivos","Paraguay","Área cosechada","Mate","2017","ha","20650"
"Cultivos","Paraguay","Área cosechada","Mate","2018","ha","22850"
"Cultivos","Paraguay","Área cosechada","Melocotones (duraznos) y nectarinas","2008","ha","200"
"Cultivos","Paraguay","Área cosechada","Melocotones (duraznos) y nectarinas","2009","ha","200"
"Cultivos","Paraguay","Área cosechada","Melocotones (duraznos) y nectarinas","2010","ha","200"
"Cultivos","Paraguay","Área cosechada","Melocotones (duraznos) y nectarinas","2011","ha","200"
"Cultivos","Paraguay","Área cosechada","Melocotones (duraznos) y nectarinas","2012","ha","200"
"Cultivos","Paraguay","Área cosechada","Melocotones (duraznos) y nectarinas","2013","ha","199"
"Cultivos","Paraguay","Área cosechada","Melocotones (duraznos) y nectarinas","2014","ha","198"
"Cultivos","Paraguay","Área cosechada","Melocotones (duraznos) y nectarinas","2015","ha","189"
"Cultivos","Paraguay","Área cosechada","Melocotones (duraznos) y nectarinas","2016","ha","188"
"Cultivos","Paraguay","Área cosechada","Melocotones (duraznos) y nectarinas","2017","ha","187"
"Cultivos","Paraguay","Área cosechada","Melocotones (duraznos) y nectarinas","2018","ha","185"
"Cultivos","Paraguay","Área cosechada","Melones, otros (incl. cantaloupe)","2008","ha","7800"
"Cultivos","Paraguay","Área cosechada","Melones, otros (incl. cantaloupe)","2009","ha","7850"
"Cultivos","Paraguay","Área cosechada","Melones, otros (incl. cantaloupe)","2010","ha","7911"
"Cultivos","Paraguay","Área cosechada","Melones, otros (incl. cantaloupe)","2011","ha","7964"
"Cultivos","Paraguay","Área cosechada","Melones, otros (incl. cantaloupe)","2012","ha","8200"
"Cultivos","Paraguay","Área cosechada","Melones, otros (incl. cantaloupe)","2013","ha","8052"
"Cultivos","Paraguay","Área cosechada","Melones, otros (incl. cantaloupe)","2014","ha","8026"
"Cultivos","Paraguay","Área cosechada","Melones, otros (incl. cantaloupe)","2015","ha","8055"
"Cultivos","Paraguay","Área cosechada","Melones, otros (incl. cantaloupe)","2016","ha","8091"
"Cultivos","Paraguay","Área cosechada","Melones, otros (incl. cantaloupe)","2017","ha","8115"
"Cultivos","Paraguay","Área cosechada","Melones, otros (incl. cantaloupe)","2018","ha","8139"
"Cultivos","Paraguay","Área cosechada","Naranjas","2008","ha","7457"
"Cultivos","Paraguay","Área cosechada","Naranjas","2009","ha","7500"
"Cultivos","Paraguay","Área cosechada","Naranjas","2010","ha","7457"
"Cultivos","Paraguay","Área cosechada","Naranjas","2011","ha","7651"
"Cultivos","Paraguay","Área cosechada","Naranjas","2012","ha","7651"
"Cultivos","Paraguay","Área cosechada","Naranjas","2013","ha","7651"
"Cultivos","Paraguay","Área cosechada","Naranjas","2014","ha","7700"
"Cultivos","Paraguay","Área cosechada","Naranjas","2015","ha","7716"
"Cultivos","Paraguay","Área cosechada","Naranjas","2016","ha","7715"
"Cultivos","Paraguay","Área cosechada","Naranjas","2017","ha","7715"
"Cultivos","Paraguay","Área cosechada","Naranjas","2018","ha","7715"
"Cultivos","Paraguay","Área cosechada","Nueces de tung","2008","ha","8999"
"Cultivos","Paraguay","Área cosechada","Nueces de tung","2009","ha","9000"
"Cultivos","Paraguay","Área cosechada","Nueces de tung","2010","ha","8995"
"Cultivos","Paraguay","Área cosechada","Nueces de tung","2011","ha","8995"
"Cultivos","Paraguay","Área cosechada","Nueces de tung","2012","ha","8995"
"Cultivos","Paraguay","Área cosechada","Nueces de tung","2013","ha","8995"
"Cultivos","Paraguay","Área cosechada","Nueces de tung","2014","ha","8995"
"Cultivos","Paraguay","Área cosechada","Nueces de tung","2015","ha","9070"
"Cultivos","Paraguay","Área cosechada","Nueces de tung","2016","ha","9070"
"Cultivos","Paraguay","Área cosechada","Nueces de tung","2017","ha","9090"
"Cultivos","Paraguay","Área cosechada","Nueces de tung","2018","ha","9090"
"Cultivos","Paraguay","Área cosechada","Papas, patatas","2008","ha","194"
"Cultivos","Paraguay","Área cosechada","Papas, patatas","2009","ha","40"
"Cultivos","Paraguay","Área cosechada","Papas, patatas","2010","ha","103"
"Cultivos","Paraguay","Área cosechada","Papas, patatas","2011","ha","230"
"Cultivos","Paraguay","Área cosechada","Papas, patatas","2012","ha","320"
"Cultivos","Paraguay","Área cosechada","Papas, patatas","2013","ha","237"
"Cultivos","Paraguay","Área cosechada","Papas, patatas","2014","ha","240"
"Cultivos","Paraguay","Área cosechada","Papas, patatas","2015","ha","242"
"Cultivos","Paraguay","Área cosechada","Papas, patatas","2016","ha","250"
"Cultivos","Paraguay","Área cosechada","Papas, patatas","2017","ha","260"
"Cultivos","Paraguay","Área cosechada","Papas, patatas","2018","ha","266"
"Cultivos","Paraguay","Área cosechada","Papayas","2008","ha","1034"
"Cultivos","Paraguay","Área cosechada","Papayas","2009","ha","1100"
"Cultivos","Paraguay","Área cosechada","Papayas","2010","ha","1086"
"Cultivos","Paraguay","Área cosechada","Papayas","2011","ha","1099"
"Cultivos","Paraguay","Área cosechada","Papayas","2012","ha","1200"
"Cultivos","Paraguay","Área cosechada","Papayas","2013","ha","1107"
"Cultivos","Paraguay","Área cosechada","Papayas","2014","ha","1074"
"Cultivos","Paraguay","Área cosechada","Papayas","2015","ha","1088"
"Cultivos","Paraguay","Área cosechada","Papayas","2016","ha","1094"
"Cultivos","Paraguay","Área cosechada","Papayas","2017","ha","1095"
"Cultivos","Paraguay","Área cosechada","Papayas","2018","ha","1098"
"Cultivos","Paraguay","Área cosechada","Peras","2008","ha","30"
"Cultivos","Paraguay","Área cosechada","Peras","2009","ha","35"
"Cultivos","Paraguay","Área cosechada","Peras","2010","ha","35"
"Cultivos","Paraguay","Área cosechada","Peras","2011","ha","36"
"Cultivos","Paraguay","Área cosechada","Peras","2012","ha","36"
"Cultivos","Paraguay","Área cosechada","Peras","2013","ha","34"
"Cultivos","Paraguay","Área cosechada","Peras","2014","ha","33"
"Cultivos","Paraguay","Área cosechada","Peras","2015","ha","35"
"Cultivos","Paraguay","Área cosechada","Peras","2016","ha","36"
"Cultivos","Paraguay","Área cosechada","Peras","2017","ha","36"
"Cultivos","Paraguay","Área cosechada","Peras","2018","ha","36"
"Cultivos","Paraguay","Área cosechada","Piña tropical","2008","ha","5004"
"Cultivos","Paraguay","Área cosechada","Piña tropical","2009","ha","5100"
"Cultivos","Paraguay","Área cosechada","Piña tropical","2010","ha","5048"
"Cultivos","Paraguay","Área cosechada","Piña tropical","2011","ha","5203"
"Cultivos","Paraguay","Área cosechada","Piña tropical","2012","ha","5255"
"Cultivos","Paraguay","Área cosechada","Piña tropical","2013","ha","5255"
"Cultivos","Paraguay","Área cosechada","Piña tropical","2014","ha","5256"
"Cultivos","Paraguay","Área cosechada","Piña tropical","2015","ha","5265"
"Cultivos","Paraguay","Área cosechada","Piña tropical","2016","ha","5260"
"Cultivos","Paraguay","Área cosechada","Piña tropical","2017","ha","5300"
"Cultivos","Paraguay","Área cosechada","Piña tropical","2018","ha","6432"
"Cultivos","Paraguay","Área cosechada","Ricino, semillas","2008","ha","11000"
"Cultivos","Paraguay","Área cosechada","Ricino, semillas","2009","ha","11000"
"Cultivos","Paraguay","Área cosechada","Ricino, semillas","2010","ha","5000"
"Cultivos","Paraguay","Área cosechada","Ricino, semillas","2011","ha","5000"
"Cultivos","Paraguay","Área cosechada","Ricino, semillas","2012","ha","6000"
"Cultivos","Paraguay","Área cosechada","Ricino, semillas","2013","ha","8000"
"Cultivos","Paraguay","Área cosechada","Ricino, semillas","2014","ha","8000"
"Cultivos","Paraguay","Área cosechada","Ricino, semillas","2015","ha","6000"
"Cultivos","Paraguay","Área cosechada","Ricino, semillas","2016","ha","6000"
"Cultivos","Paraguay","Área cosechada","Ricino, semillas","2017","ha","6000"
"Cultivos","Paraguay","Área cosechada","Ricino, semillas","2018","ha","6000"
"Cultivos","Paraguay","Área cosechada","Sandías","2008","ha","24000"
"Cultivos","Paraguay","Área cosechada","Sandías","2009","ha","23500"
"Cultivos","Paraguay","Área cosechada","Sandías","2010","ha","25000"
"Cultivos","Paraguay","Área cosechada","Sandías","2011","ha","23956"
"Cultivos","Paraguay","Área cosechada","Sandías","2012","ha","22500"
"Cultivos","Paraguay","Área cosechada","Sandías","2013","ha","23401"
"Cultivos","Paraguay","Área cosechada","Sandías","2014","ha","23852"
"Cultivos","Paraguay","Área cosechada","Sandías","2015","ha","23680"
"Cultivos","Paraguay","Área cosechada","Sandías","2016","ha","23690"
"Cultivos","Paraguay","Área cosechada","Sandías","2017","ha","23774"
"Cultivos","Paraguay","Área cosechada","Sandías","2018","ha","23858"
"Cultivos","Paraguay","Área cosechada","Semilla de girasol","2008","ha","99139"
"Cultivos","Paraguay","Área cosechada","Semilla de girasol","2009","ha","194000"
"Cultivos","Paraguay","Área cosechada","Semilla de girasol","2010","ha","168103"
"Cultivos","Paraguay","Área cosechada","Semilla de girasol","2011","ha","69607"
"Cultivos","Paraguay","Área cosechada","Semilla de girasol","2012","ha","50000"
"Cultivos","Paraguay","Área cosechada","Semilla de girasol","2013","ha","55000"
"Cultivos","Paraguay","Área cosechada","Semilla de girasol","2014","ha","62000"
"Cultivos","Paraguay","Área cosechada","Semilla de girasol","2015","ha","55850"
"Cultivos","Paraguay","Área cosechada","Semilla de girasol","2016","ha","40850"
"Cultivos","Paraguay","Área cosechada","Semilla de girasol","2017","ha","40900"
"Cultivos","Paraguay","Área cosechada","Semilla de girasol","2018","ha","30500"
"Cultivos","Paraguay","Área cosechada","Semilla de sésamo, ajonjolí","2008","ha","69857"
"Cultivos","Paraguay","Área cosechada","Semilla de sésamo, ajonjolí","2009","ha","100000"
"Cultivos","Paraguay","Área cosechada","Semilla de sésamo, ajonjolí","2010","ha","69185"
"Cultivos","Paraguay","Área cosechada","Semilla de sésamo, ajonjolí","2011","ha","83304"
"Cultivos","Paraguay","Área cosechada","Semilla de sésamo, ajonjolí","2012","ha","85000"
"Cultivos","Paraguay","Área cosechada","Semilla de sésamo, ajonjolí","2013","ha","50000"
"Cultivos","Paraguay","Área cosechada","Semilla de sésamo, ajonjolí","2014","ha","60000"
"Cultivos","Paraguay","Área cosechada","Semilla de sésamo, ajonjolí","2015","ha","63000"
"Cultivos","Paraguay","Área cosechada","Semilla de sésamo, ajonjolí","2016","ha","55000"
"Cultivos","Paraguay","Área cosechada","Semilla de sésamo, ajonjolí","2017","ha","55000"
"Cultivos","Paraguay","Área cosechada","Semilla de sésamo, ajonjolí","2018","ha","30000"
"Cultivos","Paraguay","Área cosechada","Soja","2008","ha","2463510"
"Cultivos","Paraguay","Área cosechada","Soja","2009","ha","2570000"
"Cultivos","Paraguay","Área cosechada","Soja","2010","ha","2671059"
"Cultivos","Paraguay","Área cosechada","Soja","2011","ha","2805467"
"Cultivos","Paraguay","Área cosechada","Soja","2012","ha","2920000"
"Cultivos","Paraguay","Área cosechada","Soja","2013","ha","3080000"
"Cultivos","Paraguay","Área cosechada","Soja","2014","ha","3500000"
"Cultivos","Paraguay","Área cosechada","Soja","2015","ha","3540000"
"Cultivos","Paraguay","Área cosechada","Soja","2016","ha","3370000"
"Cultivos","Paraguay","Área cosechada","Soja","2017","ha","3380000"
"Cultivos","Paraguay","Área cosechada","Soja","2018","ha","3510000"
"Cultivos","Paraguay","Área cosechada","Sorgo","2008","ha","10920"
"Cultivos","Paraguay","Área cosechada","Sorgo","2009","ha","10970"
"Cultivos","Paraguay","Área cosechada","Sorgo","2010","ha","24988"
"Cultivos","Paraguay","Área cosechada","Sorgo","2011","ha","24988"
"Cultivos","Paraguay","Área cosechada","Sorgo","2012","ha","25000"
"Cultivos","Paraguay","Área cosechada","Sorgo","2013","ha","24988"
"Cultivos","Paraguay","Área cosechada","Sorgo","2014","ha","25000"
"Cultivos","Paraguay","Área cosechada","Sorgo","2015","ha","31060"
"Cultivos","Paraguay","Área cosechada","Sorgo","2016","ha","31000"
"Cultivos","Paraguay","Área cosechada","Sorgo","2017","ha","31000"
"Cultivos","Paraguay","Área cosechada","Sorgo","2018","ha","31000"
"Cultivos","Paraguay","Área cosechada","Tabaco bruto","2008","ha","2220"
"Cultivos","Paraguay","Área cosechada","Tabaco bruto","2009","ha","3250"
"Cultivos","Paraguay","Área cosechada","Tabaco bruto","2010","ha","2953"
"Cultivos","Paraguay","Área cosechada","Tabaco bruto","2011","ha","3000"
"Cultivos","Paraguay","Área cosechada","Tabaco bruto","2012","ha","3000"
"Cultivos","Paraguay","Área cosechada","Tabaco bruto","2013","ha","2500"
"Cultivos","Paraguay","Área cosechada","Tabaco bruto","2014","ha","2600"
"Cultivos","Paraguay","Área cosechada","Tabaco bruto","2015","ha","3055"
"Cultivos","Paraguay","Área cosechada","Tabaco bruto","2016","ha","3100"
"Cultivos","Paraguay","Área cosechada","Tabaco bruto","2017","ha","3200"
"Cultivos","Paraguay","Área cosechada","Tabaco bruto","2018","ha","3250"
"Cultivos","Paraguay","Área cosechada","Tangerinas, mandarinas, clementinas, satsumas","2008","ha","1824"
"Cultivos","Paraguay","Área cosechada","Tangerinas, mandarinas, clementinas, satsumas","2009","ha","1900"
"Cultivos","Paraguay","Área cosechada","Tangerinas, mandarinas, clementinas, satsumas","2010","ha","1841"
"Cultivos","Paraguay","Área cosechada","Tangerinas, mandarinas, clementinas, satsumas","2011","ha","1938"
"Cultivos","Paraguay","Área cosechada","Tangerinas, mandarinas, clementinas, satsumas","2012","ha","1958"
"Cultivos","Paraguay","Área cosechada","Tangerinas, mandarinas, clementinas, satsumas","2013","ha","1958"
"Cultivos","Paraguay","Área cosechada","Tangerinas, mandarinas, clementinas, satsumas","2014","ha","1950"
"Cultivos","Paraguay","Área cosechada","Tangerinas, mandarinas, clementinas, satsumas","2015","ha","1950"
"Cultivos","Paraguay","Área cosechada","Tangerinas, mandarinas, clementinas, satsumas","2016","ha","1945"
"Cultivos","Paraguay","Área cosechada","Tangerinas, mandarinas, clementinas, satsumas","2017","ha","2000"
"Cultivos","Paraguay","Área cosechada","Tangerinas, mandarinas, clementinas, satsumas","2018","ha","2000"
"Cultivos","Paraguay","Área cosechada","Tomates, frescos","2008","ha","1206"
"Cultivos","Paraguay","Área cosechada","Tomates, frescos","2009","ha","1257"
"Cultivos","Paraguay","Área cosechada","Tomates, frescos","2010","ha","1730"
"Cultivos","Paraguay","Área cosechada","Tomates, frescos","2011","ha","1282"
"Cultivos","Paraguay","Área cosechada","Tomates, frescos","2012","ha","1328"
"Cultivos","Paraguay","Área cosechada","Tomates, frescos","2013","ha","1324"
"Cultivos","Paraguay","Área cosechada","Tomates, frescos","2014","ha","1330"
"Cultivos","Paraguay","Área cosechada","Tomates, frescos","2015","ha","1385"
"Cultivos","Paraguay","Área cosechada","Tomates, frescos","2016","ha","1388"
"Cultivos","Paraguay","Área cosechada","Tomates, frescos","2017","ha","1390"
"Cultivos","Paraguay","Área cosechada","Tomates, frescos","2018","ha","1300"
"Cultivos","Paraguay","Área cosechada","Toronja y pomelo","2008","ha","976"
"Cultivos","Paraguay","Área cosechada","Toronja y pomelo","2009","ha","1000"
"Cultivos","Paraguay","Área cosechada","Toronja y pomelo","2010","ha","973"
"Cultivos","Paraguay","Área cosechada","Toronja y pomelo","2011","ha","1020"
"Cultivos","Paraguay","Área cosechada","Toronja y pomelo","2012","ha","1030"
"Cultivos","Paraguay","Área cosechada","Toronja y pomelo","2013","ha","1050"
"Cultivos","Paraguay","Área cosechada","Toronja y pomelo","2014","ha","1050"
"Cultivos","Paraguay","Área cosechada","Toronja y pomelo","2015","ha","1058"
"Cultivos","Paraguay","Área cosechada","Toronja y pomelo","2016","ha","1053"
"Cultivos","Paraguay","Área cosechada","Toronja y pomelo","2017","ha","1100"
"Cultivos","Paraguay","Área cosechada","Toronja y pomelo","2018","ha","1100"
"Cultivos","Paraguay","Área cosechada","Trigo","2008","ha","381028"
"Cultivos","Paraguay","Área cosechada","Trigo","2009","ha","508000"
"Cultivos","Paraguay","Área cosechada","Trigo","2010","ha","560800"
"Cultivos","Paraguay","Área cosechada","Trigo","2011","ha","584408"
"Cultivos","Paraguay","Área cosechada","Trigo","2012","ha","600000"
"Cultivos","Paraguay","Área cosechada","Trigo","2013","ha","550000"
"Cultivos","Paraguay","Área cosechada","Trigo","2014","ha","560000"
"Cultivos","Paraguay","Área cosechada","Trigo","2015","ha","600000"
"Cultivos","Paraguay","Área cosechada","Trigo","2016","ha","520000"
"Cultivos","Paraguay","Área cosechada","Trigo","2017","ha","510000"
"Cultivos","Paraguay","Área cosechada","Trigo","2018","ha","430000"
"Cultivos","Paraguay","Área cosechada","Uvas","2008","ha","342"
"Cultivos","Paraguay","Área cosechada","Uvas","2009","ha","350"
"Cultivos","Paraguay","Área cosechada","Uvas","2010","ha","349"
"Cultivos","Paraguay","Área cosechada","Uvas","2011","ha","349"
"Cultivos","Paraguay","Área cosechada","Uvas","2012","ha","349"
"Cultivos","Paraguay","Área cosechada","Uvas","2013","ha","349"
"Cultivos","Paraguay","Área cosechada","Uvas","2014","ha","348"
"Cultivos","Paraguay","Área cosechada","Uvas","2015","ha","345"
"Cultivos","Paraguay","Área cosechada","Uvas","2016","ha","346"
"Cultivos","Paraguay","Área cosechada","Uvas","2017","ha","350"
"Cultivos","Paraguay","Área cosechada","Uvas","2018","ha","350"
"Cultivos","Paraguay","Área cosechada","Yuca","2008","ha","170694"
"Cultivos","Paraguay","Área cosechada","Yuca","2009","ha","180000"
"Cultivos","Paraguay","Área cosechada","Yuca","2010","ha","177480"
"Cultivos","Paraguay","Área cosechada","Yuca","2011","ha","181332"
"Cultivos","Paraguay","Área cosechada","Yuca","2012","ha","172000"
"Cultivos","Paraguay","Área cosechada","Yuca","2013","ha","175000"
"Cultivos","Paraguay","Área cosechada","Yuca","2014","ha","180000"
"Cultivos","Paraguay","Área cosechada","Yuca","2015","ha","182000"
"Cultivos","Paraguay","Área cosechada","Yuca","2016","ha","182000"
"Cultivos","Paraguay","Área cosechada","Yuca","2017","ha","182000"
"Cultivos","Paraguay","Área cosechada","Yuca","2018","ha","183000"
"Cultivos","Paraguay","Área cosechada","Zanahorias y nabos","2008","ha","864"
"Cultivos","Paraguay","Área cosechada","Zanahorias y nabos","2009","ha","991"
"Cultivos","Paraguay","Área cosechada","Zanahorias y nabos","2010","ha","997"
"Cultivos","Paraguay","Área cosechada","Zanahorias y nabos","2011","ha","1011"
"Cultivos","Paraguay","Área cosechada","Zanahorias y nabos","2012","ha","1121"
"Cultivos","Paraguay","Área cosechada","Zanahorias y nabos","2013","ha","1011"
"Cultivos","Paraguay","Área cosechada","Zanahorias y nabos","2014","ha","1010"
"Cultivos","Paraguay","Área cosechada","Zanahorias y nabos","2015","ha","1090"
"Cultivos","Paraguay","Área cosechada","Zanahorias y nabos","2016","ha","1100"
"Cultivos","Paraguay","Área cosechada","Zanahorias y nabos","2017","ha","1100"
"Cultivos","Paraguay","Área cosechada","Zanahorias y nabos","2018","ha","1000"
